data|ExistingDMD (rank=5)|CenteredDMD d=50 e=.99 rmax=20|UnitCircleDMD d=50 e=.99 rmax=20|UnitCircleDMD d=100 e=.99 rmax=40|HAVOK d=100 r=11|HAVOK d=200 r=25
812.0|770.505|816.343|1003.648|1183.694|847.72|852.728
853.0|766.237|850.39|993.265|1224.84|866.751|869.394
904.0|765.211|892.49|976.159|1238.83|892.655|893.817
939.0|767.52|936.879|954.63|1226.015|923.491|924.18
977.0|772.922|978.477|931.611|1192.426|956.689|957.883
1016.0|780.866|1013.703|910.236|1146.812|989.243|991.767
1044.0|790.544|1040.758|893.394|1097.114|1018.07|1022.457
1058.0|800.98|1059.35|883.343|1047.817|1040.349|1046.734
1070.0|811.12|1070.015|881.42|999.236|1053.865|1061.883
1068.0|819.949|1073.324|887.906|948.957|1057.064|1066.048
1059.0|826.582|1069.3|902.049|894.739|1049.385|1058.472
1048.0|830.362|1057.302|922.243|837.595|1031.347|1039.607
1035.0|830.919|1036.429|946.293|783.616|1004.515|1011.098
1008.0|828.207|1006.286|971.718|743.607|971.335|975.629
973.0|822.513|967.832|996.013|730.434|934.961|936.655
932.0|814.419|923.917|1016.83|754.877|898.868|898.026
872.0|804.747|879.26|1032.088|821.412|866.557|863.581
835.0|794.477|839.758|1040.043|925.443|841.257|836.718
807.0|784.642|811.3|1039.385|1053.06|825.379|820.041
795.0|776.23|798.397|1029.412|1183.546|820.488|815.096
800.0|770.082|803.056|1010.277|1293.973|827.083|822.229
820.0|766.808|824.248|983.262|1364.534|844.492|840.567
865.0|766.725|858.126|950.96|1383.065|870.977|868.108
907.0|769.832|898.942|917.241|1347.517|903.923|901.954
947.0|775.804|940.364|886.904|1265.824|940.14|938.656
980.0|784.031|976.819|864.996|1153.418|976.095|974.561
1013.0|793.678|1004.479|855.891|1029.291|1008.253|1006.196
1021.0|803.772|1021.655|862.326|911.808|1033.563|1030.624
1020.0|813.298|1028.579|884.63|815.373|1049.673|1045.741
1021.0|821.302|1026.733|920.388|748.612|1055.184|1050.405
1016.0|826.988|1018.018|964.68|714.195|1049.719|1044.514
1008.0|829.793|1004.055|1010.877|709.926|1033.963|1028.969
982.0|829.45|985.839|1051.86|730.456|1009.541|1005.492
958.0|826.007|963.807|1081.375|768.994|978.896|976.418
932.0|819.822|938.214|1095.203|818.574|944.846|944.436
909.0|811.53|909.642|1091.882|872.756|910.434|912.309
893.0|801.971|879.402|1072.824|925.891|878.632|882.632
853.0|792.111|849.679|1041.832|973.201|851.935|857.628
822.0|782.941|823.366|1004.184|1010.924|832.362|839.011
809.0|775.38|803.621|965.518|1036.609|821.138|827.904
798.0|770.18|793.291|930.819|1049.506|818.682|824.823
793.0|767.851|794.359|903.696|1050.858|824.788|829.724
803.0|768.616|807.523|886.07|1043.874|838.651|842.062
829.0|772.384|832.006|878.259|1033.252|858.927|860.843
876.0|778.765|865.592|879.336|1024.241|884.008|884.734
915.0|787.106|904.864|887.616|1021.407|912.133|912.137
947.0|796.563|945.604|901.102|1027.395|941.51|941.284
987.0|806.183|983.291|917.815|1042.013|970.263|970.295
1019.0|815.001|1013.669|935.963|1061.938|996.525|997.274
1033.0|822.137|1033.312|953.979|1081.216|1018.684|1020.414
1046.0|826.885|1040.132|970.506|1092.525|1035.358|1038.057
1035.0|828.781|1033.738|984.367|1088.983|1045.354|1048.823
1025.0|827.649|1015.549|994.587|1066.085|1047.951|1051.732
1020.0|823.618|988.615|1000.444|1023.271|1042.756|1046.292
1014.0|817.108|957.129|1001.557|964.649|1029.901|1032.582
1009.0|808.783|925.705|997.95|898.57|1010.091|1011.334
994.0|799.489|898.58|990.091|836.046|984.657|983.915
976.0|790.16|878.909|978.868|788.324|955.391|952.273
956.0|781.733|868.335|965.515|764.236|924.401|918.826
905.0|775.048|866.913|951.491|768.049|894.036|886.274
869.0|770.767|873.401|938.322|798.47|866.752|857.383
838.0|769.304|885.789|927.412|849.125|844.717|834.719
820.0|770.794|901.885|919.856|910.401|829.815|820.417
809.0|775.072|919.78|916.264|972.068|823.44|815.946
812.0|781.695|938.052|916.642|1025.855|826.357|821.931
829.0|789.988|955.697|920.379|1067.124|838.509|838.042
866.0|799.112|971.862|926.364|1095.134|859.109|863.005
915.0|808.15|985.555|933.238|1111.885|886.585|894.695
962.0|816.2|995.48|939.745|1120.071|918.714|930.298
1005.0|822.46|1000.133|945.096|1121.047|952.785|966.575
1027.0|826.316|998.14|949.218|1113.704|985.77|1000.176
1030.0|827.396|988.756|952.815|1094.815|1014.622|1027.978
1033.0|825.608|972.322|957.15|1060.802|1036.575|1047.385
1028.0|821.148|950.511|963.607|1010.246|1049.385|1056.602
1032.0|814.479|926.224|973.11|946.078|1051.656|1054.824
1025.0|806.279|903.114|985.612|876.396|1043.011|1042.317
1021.0|797.38|884.865|999.802|813.307|1024.226|1020.38
1000.0|788.675|874.393|1013.194|769.936|997.098|991.178
976.0|781.034|873.213|1022.618|756.496|964.358|957.526
945.0|775.216|881.13|1025.016|776.776|929.257|922.553
920.0|771.791|896.335|1018.34|826.392|895.228|889.386
885.0|771.087|915.866|1002.294|893.587|865.602|860.844
836.0|773.16|936.285|978.678|962.493|843.315|839.185
812.0|777.786|954.377|951.207|1017.861|830.558|825.919
793.0|784.487|967.716|924.814|1049.684|828.425|821.737
783.0|792.582|974.959|904.598|1056.112|837.031|826.524
781.0|801.254|975.866|894.688|1043.631|855.448|839.427
810.0|809.635|971.103|897.31|1024.429|881.847|858.994
870.0|816.89|961.915|912.295|1011.873|913.626|883.372
930.0|822.302|949.803|937.138|1015.714|947.759|910.516
989.0|825.344|936.266|967.567|1038.7|981.133|938.388
1032.0|825.728|922.649|998.449|1075.767|1010.754|965.06
1065.0|823.434|910.082|1024.798|1116.02|1034.098|988.845
1081.0|818.708|899.478|1042.647|1146.694|1049.159|1008.367
1071.0|812.039|891.536|1049.604|1157.592|1054.667|1022.681
1062.0|804.104|886.748|1045.039|1144.379|1050.252|1031.184
1035.0|795.706|885.39|1029.931|1109.591|1036.385|1033.665
1004.0|787.684|887.521|1006.488|1061.134|1014.456|1030.265
985.0|780.837|892.989|977.691|1008.981|986.627|1021.418
980.0|775.84|901.456|946.841|961.479|955.479|1007.811
983.0|773.179|912.427|917.221|922.689|923.952|990.357
984.0|773.104|925.261|891.834|891.797|894.85|970.138
958.0|775.605|939.169|873.218|864.678|870.614|948.351
939.0|780.416|953.191|863.29|836.891|853.186|926.258
921.0|787.041|966.191|863.19|806.759|843.67|905.12
905.0|794.81|976.903|873.139|777.189|842.364|886.133
889.0|802.94|984.054|892.339|755.388|848.831|870.385
851.0|810.621|986.567|918.955|750.496|862.021|858.777
824.0|817.092|983.805|950.216|769.988|880.365|851.954
811.0|821.717|975.788|982.649|816.224|901.949|850.243
799.0|824.051|963.309|1012.433|884.514|924.845|853.643
790.0|823.878|947.886|1035.828|963.529|947.224|861.856
798.0|821.235|931.536|1049.644|1038.026|967.502|874.319
821.0|816.403|916.416|1051.68|1093.041|984.396|890.202
861.0|809.88|904.419|1041.091|1118.15|997.106|908.489
908.0|802.327|896.825|1018.623|1110.389|1005.259|928.06
944.0|794.504|894.12|986.673|1074.891|1008.915|947.732
980.0|787.19|896.012|949.118|1023.085|1008.418|966.377
1010.0|781.11|901.633|910.901|969.117|1004.26|982.974
1023.0|776.858|909.852|877.383|925.675|997.032|996.709
1032.0|774.843|919.582|853.531|900.563|987.449|1006.999
1035.0|775.25|929.989|843.07|895.001|976.202|1013.503
1023.0|778.02|940.542|847.76|904.029|963.868|1016.12
1006.0|782.86|950.905|866.983|918.698|950.964|1014.962
990.0|789.273|960.745|897.76|929.227|938.004|1010.291
992.0|796.613|969.54|935.254|928.07|925.464|1002.479
981.0|804.144|976.497|973.673|912.04|913.849|991.971
984.0|811.118|980.618|1007.386|882.971|903.816|979.237
974.0|816.848|980.914|1032.005|846.958|896.121|964.75
959.0|820.777|976.704|1045.17|812.555|891.503|948.989
949.0|822.531|967.898|1046.833|788.584|890.569|932.452
942.0|821.953|955.156|1039.005|782.153|893.772|915.701
925.0|819.12|939.874|1025.042|797.325|901.214|899.389
910.0|814.333|923.979|1008.681|834.593|912.684|884.276
890.0|808.081|909.583|993.107|891.086|927.593|871.228
852.0|800.997|898.589|980.305|961.264|944.893|861.183
833.0|793.789|892.355|970.834|1037.83|963.215|855.073
819.0|787.173|891.478|964.055|1112.638|980.819|853.743
808.0|781.798|895.754|958.682|1177.478|995.986|857.837
822.0|778.187|904.284|953.445|1224.737|1007.148|867.675
852.0|776.683|915.69|947.641|1247.993|1012.941|883.146
888.0|777.417|928.375|941.406|1242.608|1012.564|903.651
940.0|780.299|940.766|935.646|1206.367|1005.892|928.062
984.0|785.025|951.499|931.688|1140.108|993.274|954.741
1008.0|791.114|959.543|930.787|1048.22|975.778|981.665
1019.0|797.954|964.262|933.686|938.808|954.933|1006.563
1030.0|804.862|965.428|940.351|823.307|932.644|1027.147
1044.0|811.157|963.211|949.968|715.4|910.964|1041.354
1043.0|816.223|958.129|961.165|629.24|891.992|1047.574
1031.0|819.572|950.975|972.376|577.165|877.734|1044.875
1025.0|820.888|942.717|982.194|567.336|869.67|1033.133
1009.0|820.062|934.371|989.631|601.842|868.727|1013.097
996.0|817.192|926.874|994.197|675.85|875.245|986.348
982.0|812.581|920.973|995.82|778.149|888.789|955.163
968.0|806.7|917.155|994.667|893.15|908.147|922.31
930.0|800.139|915.639|990.953|1003.947|931.607|890.781
889.0|793.552|916.401|984.813|1095.719|957.021|863.499
858.0|787.588|919.245|976.286|1158.562|981.95|843.014
834.0|782.829|923.854|965.406|1188.986|1003.982|831.258
821.0|779.733|929.832|952.361|1189.666|1021.01|829.35
823.0|778.59|936.706|937.664|1167.618|1031.433|837.5
844.0|779.496|943.905|922.267|1131.438|1034.32|854.986
874.0|782.343|950.752|907.589|1088.601|1029.512|880.234
911.0|786.835|956.489|895.418|1043.728|1017.647|910.988
964.0|792.516|960.354|887.709|998.377|1000.037|944.51
1006.0|798.818|961.718|886.273|952.287|978.487|977.843
1035.0|805.116|960.239|892.426|905.439|955.231|1008.103
1051.0|810.793|955.987|906.619|859.934|932.636|1032.723
1053.0|815.299|949.502|928.145|820.737|912.782|1049.674
1046.0|818.202|941.737|954.991|794.809|897.389|1057.629
1039.0|819.234|933.894|983.909|788.808|887.667|1056.058
1023.0|818.31|927.19|1010.769|806.194|884.216|1045.244
1004.0|815.542|922.61|1031.16|844.955|887.043|1026.264
992.0|811.216|920.711|1041.199|897.028|895.544|1000.855
976.0|805.773|921.539|1038.365|949.918|908.619|971.228
959.0|799.756|924.67|1022.185|990.2|924.935|939.863
933.0|793.76|929.359|994.577|1007.8|942.964|909.318
894.0|788.371|934.748|959.709|999.544|961.165|882.005
851.0|784.112|940.067|923.353|970.605|978.174|859.994
829.0|781.39|944.772|891.839|933.17|992.732|844.867
814.0|780.456|948.584|870.821|902.604|1003.768|837.644
806.0|781.385|951.443|864.149|892.335|1010.588|838.719
804.0|784.07|953.402|873.112|909.192|1012.83|847.854
821.0|788.233|954.511|896.229|950.827|1010.449|864.209
857.0|793.455|954.745|929.637|1006.154|1003.74|886.409
902.0|799.216|953.99|967.952|1058.697|993.312|912.695
945.0|804.951|952.101|1005.378|1091.713|980.013|941.006
982.0|810.101|948.993|1036.776|1093.354|964.857|969.154
1012.0|814.171|944.732|1058.462|1060.129|948.951|994.982
1035.0|816.775|939.595|1068.573|997.584|933.42|1016.527
1045.0|817.673|934.062|1067.01|918.119|919.473|1032.184
1026.0|816.796|928.751|1055.048|836.857|908.088|1040.82
1003.0|814.245|924.315|1034.827|767.135|900.085|1041.902
993.0|810.284|921.327|1008.862|717.184|895.939|1035.534
992.0|805.313|920.182|979.738|689.041|896.185|1022.433
997.0|799.824|921.042|949.982|679.805|900.864|1003.898
1008.0|794.356|923.821|922.078|684.454|909.913|981.674
994.0|789.439|928.216|898.481|698.895|922.982|957.803
977.0|785.548|933.756|881.555|721.916|939.431|934.415
928.0|783.049|939.861|873.347|755.261|958.166|913.525
888.0|782.175|945.905|875.233|801.875|977.93|896.816
867.0|782.994|951.278|887.532|863.15|997.12|885.482
852.0|785.413|955.438|909.214|936.456|1014.101|880.157
842.0|789.184|957.974|937.835|1014.141|1027.437|880.862
854.0|793.93|958.652|969.752|1084.597|1035.922|887.022
877.0|799.183|957.449|1000.63|1135.181|1038.604|897.535
901.0|804.433|954.56|1026.125|1156.014|1035.119|910.943
943.0|809.171|950.37|1042.608|1143.308|1025.626|925.609
979.0|812.945|945.396|1047.788|1100.97|1010.74|939.909
994.0|815.399|940.204|1041.079|1039.857|991.596|952.397
1006.0|816.309|935.328|1023.678|974.84|969.69|961.982
1012.0|815.601|931.203|998.32|920.626|946.883|968.034
1020.0|813.357|928.137|968.795|887.668|925.323|970.434
1018.0|809.808|926.309|939.299|879.479|907.011|969.555
1009.0|805.307|925.799|913.751|892.126|893.74|966.166
990.0|800.297|926.617|895.186|915.975|886.887|961.299
974.0|795.265|928.724|885.312|939.024|887.075|956.075
960.0|790.696|932.024|884.306|950.7|894.254|951.53
952.0|787.027|936.339|890.89|944.953|907.632|948.442
928.0|784.604|941.364|902.679|921.771|925.84|947.248
882.0|783.651|946.658|916.732|886.829|947.044|947.947
844.0|784.248|951.654|930.219|849.538|969.029|950.135
825.0|786.326|955.727|941.044|820.234|989.375|953.067
807.0|789.676|958.298|948.287|807.383|1005.861|955.81
809.0|793.965|958.956|952.344|815.561|1016.68|957.425
830.0|798.776|957.563|954.707|844.631|1020.593|957.119
870.0|803.645|954.3|957.435|890.173|1017.129|954.429
889.0|808.103|949.655|962.444|944.829|1006.594|949.321
918.0|811.729|944.334|970.824|1000.105|990.133|942.219
950.0|814.18|939.121|982.375|1048.087|969.372|933.95
964.0|815.231|934.733|995.515|1082.711|946.402|925.679
986.0|814.791|931.691|1007.621|1100.39|923.631|918.754
1004.0|812.913|930.254|1015.7|1100.037|903.351|914.502
998.0|809.787|930.404|1017.22|1082.633|887.661|914.037
993.0|805.721|931.906|1010.85|1050.618|878.265|918.08
984.0|801.109|934.389|996.9|1007.32|876.192|926.811
981.0|796.397|937.438|977.327|956.569|881.778|939.798
974.0|792.037|940.67|955.305|902.541|894.677|955.999
956.0|788.443|943.768|934.501|849.74|913.884|973.881
944.0|785.954|946.493|918.261|802.948|937.869|991.555
923.0|784.803|948.665|908.935|766.979|964.628|1006.996
877.0|785.093|950.152|907.514|746.13|992.048|1018.294
850.0|786.789|950.855|913.644|743.368|1018.006|1023.888
824.0|789.722|950.718|925.945|759.445|1040.359|1022.766
819.0|793.608|949.746|942.494|792.262|1057.468|1014.638
821.0|798.071|948.023|961.296|836.815|1068.098|999.992
839.0|802.684|945.721|980.582|885.92|1071.697|980.052
865.0|807.007|943.091|998.894|931.701|1068.305|956.678
882.0|810.63|940.435|1014.975|967.505|1058.476|932.145
921.0|813.212|938.062|1027.585|989.704|1043.314|908.869
956.0|814.511|936.247|1035.385|998.742|1024.209|889.144
975.0|814.409|935.192|1036.977|998.986|1002.817|874.892
983.0|812.922|935.004|1031.162|997.269|980.795|867.441
1005.0|810.195|935.691|1017.326|1000.491|959.602|867.385
1007.0|806.495|937.169|995.853|1013.009|940.367|874.543
1008.0|802.175|939.276|968.396|1034.74|924.004|888.024
1004.0|797.651|941.785|937.888|1060.691|911.062|906.322
993.0|793.352|944.431|908.243|1082.223|901.782|927.518
980.0|789.69|946.926|883.769|1089.71|896.16|949.49
966.0|787.01|948.99|868.42|1075.756|893.913|970.152
953.0|785.567|950.384|865.039|1037.839|894.74|987.692
939.0|785.497|950.947|874.755|979.451|898.263|1000.735
925.0|786.803|950.624|896.667|909.251|904.138|1008.453
913.0|789.361|949.484|927.879|838.53|912.123|1010.615
906.0|792.926|947.71|963.882|777.869|921.925|1007.532
892.0|797.158|945.567|999.229|734.226|933.229|999.985
852.0|801.655|943.356|1028.378|709.506|945.745|989.079
826.0|805.989|941.353|1046.584|701.13|959.132|976.092
807.0|809.749|939.767|1050.692|704.309|972.774|962.335
791.0|812.576|938.709|1039.701|715.033|985.975|949.065
781.0|814.204|938.199|1014.994|732.476|997.966|937.366
784.0|814.476|938.192|980.177|759.699|1007.886|928.078
808.0|813.368|938.615|940.523|802.203|1015.05|921.791
854.0|810.985|939.402|902.106|864.784|1018.958|918.839
902.0|807.553|940.514|870.769|947.886|1019.287|919.323
952.0|803.398|941.934|851.113|1044.986|1016.038|923.128
1001.0|798.917|943.638|845.725|1142.277|1009.583|929.947
1018.0|794.536|945.564|854.804|1221.144|1000.608|939.299
1024.0|790.674|947.585|876.265|1262.864|990.055|950.552
1026.0|787.7|949.499|906.284|1254.123|978.917|962.94
1024.0|785.9|951.06|940.155|1191.512|968.334|975.576
1021.0|785.45|952.016|973.228|1083.403|959.374|987.51
1023.0|786.396|952.172|1001.702|948.49|953.007|997.746
1013.0|788.651|951.443|1023.107|811.33|949.925|1005.309
992.0|792.005|949.881|1036.395|696.269|950.487|1009.329
970.0|796.142|947.675|1041.689|621.637|954.75|1009.115
952.0|800.668|945.117|1039.832|595.966|962.136|1004.224
935.0|805.155|942.547|1031.938|617.224|971.711|994.569
918.0|809.172|940.291|1019.087|675.035|982.247|980.489
867.0|812.336|938.608|1002.263|754.828|992.325|962.747
834.0|814.34|937.657|982.505|842.353|1000.578|942.534
820.0|814.988|937.49|961.149|927.012|1005.558|921.395
841.0|814.214|938.067|940.011|1003.07|1006.311|901.154
804.0|812.086|939.276|921.366|1068.74|1002.381|883.747
812.0|808.802|940.963|907.668|1123.915|993.937|871.01
808.0|804.672|942.952|901.063|1167.805|981.405|864.463
794.0|800.088|945.06|902.83|1197.641|965.871|865.174
781.0|795.488|947.103|912.941|1209.058|948.817|873.581
781.0|791.315|948.906|929.91|1197.948|931.888|889.4
776.0|787.972|950.306|950.997|1162.957|916.837|911.623
777.0|785.784|951.175|972.764|1107.419|905.191|938.597
779.0|784.97|951.429|991.812|1039.761|898.12|968.148
770.0|785.617|951.044|1005.518|971.98|896.39|997.78
755.0|787.671|950.067|1012.563|916.567|900.241|1024.907
756.0|790.944|948.609|1013.105|882.878|909.34|1047.109
748.0|795.129|946.834|1008.575|874.246|922.728|1062.38
743.0|799.829|944.936|1001.156|886.859|939.182|1069.337
753.0|804.597|943.119|993.125|910.876|957.236|1067.363
792.0|808.972|941.567|986.224|933.46|975.348|1056.667
873.0|812.531|940.437|981.245|942.766|991.93|1038.271
948.0|814.925|939.84|977.902|931.614|1005.735|1013.886
981.0|815.916|939.838|975.028|899.704|1016.004|985.732
1006.0|815.398|940.434|970.987|853.734|1022.377|956.294
1017.0|813.412|941.578|964.222|805.45|1024.707|928.069
998.0|810.139|943.153|953.759|768.294|1023.162|903.354
997.0|805.887|944.992|939.588|753.698|1018.235|884.044
988.0|801.06|946.884|922.814|768.086|1010.514|871.493
988.0|796.123|948.6|905.56|811.357|1000.844|866.43
976.0|791.552|949.93|890.633|877.124|990.017|868.915
958.0|787.796|950.711|881.017|954.478|978.967|878.398
946.0|785.224|950.863|879.261|1030.659|968.413|893.787
941.0|784.098|950.402|886.903|1093.86|958.996|913.59
931.0|784.537|949.435|904.016|1135.473|951.185|936.063
931.0|786.514|948.141|929.005|1151.322|945.298|959.365
932.0|789.848|946.73|958.719|1141.773|941.523|981.715
928.0|794.228|945.403|988.897|1110.895|939.905|1001.525
925.0|799.237|944.319|1014.885|1065.042|940.437|1017.49
917.0|804.394|943.571|1032.494|1011.321|943.033|1028.654
912.0|809.198|943.186|1038.821|956.306|947.474|1034.441
911.0|813.179|943.141|1032.831|905.267|953.375|1034.668
901.0|815.942|943.383|1015.571|861.951|960.287|1029.531
892.0|817.208|943.852|989.949|828.799|967.741|1019.573
886.0|816.842|944.497|960.129|807.357|975.16|1005.634
880.0|814.865|945.277|930.703|798.627|981.911|988.803
872.0|811.456|946.153|905.841|803.133|987.427|970.345
872.0|806.937|947.075|888.623|820.682|991.208|951.627
866.0|801.74|947.976|880.7|849.914|992.788|934.039
865.0|796.368|948.768|882.306|887.905|991.847|918.897
860.0|791.346|949.355|892.555|930.131|988.309|907.341
858.0|787.167|949.65|909.865|970.976|982.324|900.258
840.0|784.251|949.596|932.349|1004.809|974.229|898.192
814.0|782.894|949.187|958.038|1027.368|964.638|901.303
803.0|783.244|948.471|984.918|1037.021|954.286|909.32
786.0|785.283|947.543|1010.827|1035.38|943.966|921.573
785.0|788.828|946.531|1033.354|1026.949|934.633|937.054
786.0|793.543|945.569|1049.884|1017.736|927.177|954.463
791.0|798.979|944.778|1057.861|1013.209|922.399|972.339
824.0|804.608|944.243|1055.275|1016.235|920.994|989.178
862.0|809.879|944.011|1041.256|1025.77|923.327|1003.577
893.0|814.273|944.088|1016.583|1036.88|929.422|1014.389
917.0|817.349|944.448|983.92|1042.206|938.971|1020.803
937.0|818.793|945.041|947.635|1034.497|951.244|1022.418
955.0|818.449|945.803|913.177|1009.365|965.149|1019.278
973.0|816.335|946.662|886.12|967.266|979.367|1011.866
988.0|812.644|947.539|871.086|913.917|992.456|1001.028
987.0|807.724|948.359|870.791|858.915|1003.127|987.886
976.0|802.051|949.047|885.462|812.932|1010.266|973.709
953.0|796.176|949.541|912.754|784.482|1013.088|959.764
942.0|790.68|949.797|948.188|777.404|1011.16|947.192
915.0|786.106|949.796|985.994|789.998|1004.485|936.9
891.0|782.917|949.544|1020.171|816.168|993.706|929.492
867.0|781.441|949.074|1045.531|848.111|979.855|925.228
826.0|781.839|948.438|1058.52|879.511|964.328|924.029
797.0|784.09|947.7|1057.697|907.961|948.837|925.496
783.0|787.989|946.931|1043.798|935.583|934.922|929.028
772.0|793.166|946.195|1019.444|967.555|924.039|933.938
762.0|799.122|945.556|988.566|1009.059|917.297|939.558
765.0|805.275|945.072|955.683|1061.886|915.312|945.327
784.0|811.019|944.795|925.162|1122.126|918.135|950.856
818.0|815.781|944.766|900.573|1180.037|925.386|955.975
882.0|819.081|945.014|884.233|1222.4|936.179|960.735
931.0|820.581|945.541|877.001|1236.672|949.177|965.333
959.0|820.116|946.317|878.34|1215.508|963.021|970.051
990.0|817.715|947.276|886.616|1159.991|976.221|975.152
1025.0|813.599|948.315|899.565|1080.248|987.307|980.79
1038.0|808.162|949.311|914.823|993.082|995.086|986.95
1031.0|801.932|950.136|930.392|917.27|998.827|993.379
1021.0|795.52|950.683|944.937|868.064|998.215|999.597
1017.0|789.563|950.884|957.848|852.769|993.378|1004.945
993.0|784.656|950.725|969.078|868.869|984.956|1008.668
974.0|781.297|950.243|978.821|905.35|973.965|1010.019
946.0|779.833|949.523|987.165|946.691|961.656|1008.375
919.0|780.428|948.674|993.849|978.129|949.355|1003.368
903.0|783.041|947.809|998.215|990.359|938.306|994.95
857.0|787.43|947.028|999.386|982.116|929.584|983.458
838.0|793.175|946.406|996.613|959.888|924.092|969.613
824.0|799.717|945.987|989.651|935.033|922.106|954.458
816.0|806.412|945.79|979.02|919.475|923.633|939.266
819.0|812.595|945.812|966.043|921.58|928.372|925.407
830.0|817.648|946.041|952.598|943.605|935.608|914.217
868.0|821.058|946.454|940.678|981.471|944.493|906.853
892.0|822.472|947.019|931.872|1026.68|954.053|904.14
899.0|821.733|947.695|926.966|1069.465|963.506|906.526
932.0|818.897|948.426|925.796|1101.862|972.146|913.967
967.0|814.23|949.146|927.424|1119.606|979.248|925.966
1010.0|808.182|949.778|930.576|1122.282|984.426|941.593
1040.0|801.346|950.254|934.194|1111.955|987.522|959.603
1062.0|794.397|950.517|937.902|1091.084|988.627|978.549
1050.0|788.029|950.536|942.202|1060.768|987.923|996.881
1046.0|782.882|950.314|948.316|1020.185|985.73|1013.085
1042.0|779.48|949.886|957.698|967.498|982.322|1025.798
1025.0|778.178|949.313|971.361|901.865|978.071|1033.956
1000.0|779.124|948.672|989.257|825.674|973.318|1036.85
964.0|782.242|948.046|1009.912|745.974|968.329|1034.185
942.0|787.238|947.507|1030.475|674.324|963.299|1026.101
917.0|793.629|947.112|1047.195|624.851|958.302|1013.154
880.0|800.788|946.9|1056.235|610.961|953.44|996.293
833.0|808.006|946.884|1054.595|641.643|948.869|976.784
819.0|814.563|947.057|1040.919|718.507|944.709|956.112
807.0|819.799|947.396|1015.954|834.483|941.084|935.857
801.0|823.18|947.859|982.566|974.632|938.183|917.61
803.0|824.355|948.393|945.285|1118.889|936.211|902.847
813.0|823.189|948.941|909.516|1246.039|935.393|892.807
839.0|819.782|949.443|880.565|1337.896|935.928|888.403
869.0|814.459|949.848|862.722|1382.679|937.944|890.136
899.0|807.737|950.117|858.542|1376.853|941.53|898.06
922.0|800.281|950.233|868.459|1325.14|946.658|911.744
959.0|792.831|950.197|890.769|1238.882|953.127|930.26
973.0|786.134|950.033|921.953|1133.292|960.443|952.247
996.0|780.867|949.773|957.27|1024.333|968.116|975.998
999.0|777.569|949.458|991.503|925.93|975.418|999.601
996.0|776.586|949.127|1019.755|848.05|981.672|1021.082
996.0|778.032|948.812|1038.161|795.906|986.162|1038.583
981.0|781.783|948.534|1044.418|770.241|988.255|1050.515
969.0|787.478|948.312|1038.067|768.391|987.6|1055.716
945.0|794.562|948.157|1020.459|785.723|984.086|1053.577
901.0|802.335|948.083|994.448|816.977|977.936|1044.125
859.0|810.023|948.102|963.852|857.195|969.66|1028.059
834.0|816.856|948.224|932.807|902.102|959.905|1006.676
821.0|822.142|948.452|905.138|948.004|949.5|981.812
815.0|825.342|948.776|883.871|991.476|939.396|955.672
823.0|826.12|949.173|870.968|1029.142|930.558|930.626
851.0|824.382|949.601|867.287|1057.811|923.834|908.956
882.0|820.286|950.009|872.726|1075.021|919.887|892.63
912.0|814.228|950.345|886.438|1079.829|919.164|883.101
950.0|806.803|950.565|907.028|1073.497|921.779|881.136
1002.0|798.748|950.643|932.664|1059.665|927.533|886.746
1032.0|790.867|950.573|961.088|1043.742|935.902|899.19
1049.0|783.955|950.375|989.609|1031.529|946.171|917.067
1056.0|778.712|950.083|1015.158|1027.41|957.404|938.463
1047.0|775.675|949.741|1034.518|1032.715|968.519|961.177
1029.0|775.166|949.395|1044.749|1044.896|978.512|982.957
1010.0|777.252|949.083|1043.769|1057.973|986.433|1001.758
985.0|781.741|948.833|1030.949|1064.254|991.599|1015.967
958.0|788.198|948.665|1007.527|1056.891|993.684|1024.568
943.0|795.987|948.586|976.684|1032.432|992.618|1027.217
911.0|804.335|948.602|943.162|992.449|988.615|1024.247
872.0|812.406|948.71|912.475|943.587|982.23|1016.592
852.0|819.388|948.907|889.839|895.893|974.133|1005.623
837.0|824.574|949.18|879.105|859.911|965.109|992.947
832.0|827.431|949.513|881.941|843.524|956.017|980.221
839.0|827.659|949.879|897.499|849.647|947.624|968.922
852.0|825.219|950.244|922.644|875.615|940.584|960.183
877.0|820.342|950.571|952.701|914.467|935.409|954.659
887.0|813.503|950.824|982.508|957.656|932.303|952.477
901.0|805.381|950.975|1007.499|998.112|931.356|953.281
908.0|796.784|951.007|1024.568|1032.472|932.386|956.281
931.0|788.576|950.918|1032.498|1061.583|935.081|960.427
965.0|781.585|950.719|1031.912|1089.084|939.003|964.594
992.0|776.522|950.437|1024.809|1118.665|943.733|967.759
1015.0|773.909|950.105|1013.857|1151.173|948.951|969.163
1032.0|774.023|949.761|1001.656|1182.855|954.401|968.4
1018.0|776.868|949.444|990.163|1205.652|959.851|965.487
1006.0|782.174|949.189|980.39|1209.617|965.015|960.853
974.0|789.421|949.025|972.404|1186.693|969.602|955.254
943.0|797.891|948.973|965.574|1134.427|973.412|949.647
920.0|806.739|949.041|958.956|1058.126|976.216|945.044
904.0|815.076|949.225|951.691|970.437|977.803|942.349
869.0|822.061|949.508|943.325|888.251|978.02|942.222
836.0|826.983|949.859|933.99|827.857|976.84|944.975
825.0|829.338|950.238|924.418|799.951|974.311|950.477
810.0|828.874|950.602|915.816|806.263|970.43|958.203
804.0|825.625|950.91|909.628|839.047|965.409|967.29
806.0|819.903|951.13|907.236|883.67|959.592|976.649
816.0|812.273|951.245|909.654|923.466|953.441|985.118
833.0|803.495|951.25|917.273|945.206|947.487|991.638
860.0|794.448|951.158|929.701|943.298|942.184|995.391
893.0|786.042|950.991|945.747|921.324|937.985|995.938
914.0|779.129|950.776|963.573|890.439|935.325|993.252
947.0|774.412|950.54|980.973|865.279|934.497|987.717
967.0|772.379|950.309|995.751|858.846|935.565|980.075
994.0|773.248|950.102|1006.087|878.174|938.493|971.328
1021.0|776.946|949.935|1010.818|922.175|943.065|962.598
1034.0|783.115|949.821|1009.556|982.27|948.903|954.985
1024.0|791.145|949.769|1002.624|1045.401|955.549|949.416
1019.0|800.236|949.787|990.856|1098.211|962.49|946.541
1007.0|809.477|949.877|975.343|1130.887|969.073|946.658
974.0|817.938|950.038|957.228|1139.408|974.63|949.692
957.0|824.763|950.257|937.634|1125.645|978.567|955.225
937.0|829.257|950.514|917.741|1095.56|980.365|962.552
919.0|830.957|950.782|898.961|1056.45|979.792|970.807
889.0|829.68|951.03|883.101|1014.408|976.728|979.052
851.0|825.542|951.23|872.373|972.951|971.482|986.404
830.0|818.948|951.358|869.165|933.186|964.46|992.1
816.0|810.553|951.404|875.567|895.22|956.326|995.606
806.0|801.197|951.369|892.734|860.003|947.795|996.65
805.0|791.82|951.265|920.269|830.649|939.82|995.218
821.0|783.368|951.114|955.853|812.541|933.384|991.538
852.0|776.699|950.94|995.288|812.056|929.295|986.026
884.0|772.492|950.766|1033.026|834.328|928.157|979.213
906.0|771.184|950.612|1063.13|880.898|930.253|971.681
931.0|772.918|950.493|1080.456|948.163|935.562|964.016
953.0|777.533|950.419|1081.775|1027.318|943.577|956.719
973.0|784.575|950.392|1066.538|1105.921|953.482|950.199
991.0|793.343|950.414|1037.09|1170.695|964.221|944.768
1008.0|802.961|950.482|998.261|1210.743|974.569|940.655
1009.0|812.462|950.592|956.43|1220.228|983.351|938.018
1003.0|820.887|950.734|918.285|1199.72|989.625|936.972
972.0|827.383|950.897|889.587|1155.873|992.705|937.599
950.0|831.288|951.069|874.193|1099.539|992.179|939.956
933.0|832.198|951.233|873.536|1042.9|987.968|944.035
916.0|830.011|951.374|886.616|996.425|980.461|949.764
901.0|824.937|951.481|910.44|966.456|970.406|956.969
888.0|817.479|951.545|940.748|954.021|958.821|965.361
871.0|808.381|951.562|972.831|955.093|946.879|974.51
847.0|798.557|951.535|1002.271|962.145|935.823|983.825
821.0|788.996|951.467|1025.497|966.526|926.788|992.571
813.0|780.664|951.369|1040.1|960.993|920.537|999.93
803.0|774.408|951.25|1044.935|941.761|917.481|1005.099
802.0|770.867|951.123|1040.057|909.549|917.669|1007.371
807.0|770.409|951.002|1026.551|869.404|920.889|1006.24
824.0|773.089|950.9|1006.3|829.408|926.555|1001.495
858.0|778.649|950.831|981.732|798.646|933.965|993.305
897.0|786.536|950.805|955.545|784.999|942.211|982.214
930.0|795.964|950.831|930.447|793.362|950.379|969.125
957.0|805.985|950.909|908.911|824.723|957.671|955.215
974.0|815.59|951.036|892.967|876.252|963.406|941.827
989.0|823.809|951.199|884.052|942.272|967.219|930.328
993.0|829.808|951.381|882.908|1015.672|968.866|921.958
992.0|832.975|951.56|889.538|1089.268|968.468|917.702
987.0|832.983|951.717|903.197|1156.663|966.354|918.142
978.0|829.822|951.834|922.416|1212.47|963.074|923.389
963.0|823.802|951.904|945.077|1252.003|959.223|933.056
945.0|815.525|951.921|968.539|1270.872|955.415|946.288
928.0|805.82|951.891|989.878|1264.936|952.166|961.853
900.0|795.664|951.823|1006.22|1230.935|949.822|978.253
870.0|786.082|951.728|1015.183|1167.785|948.589|993.868
848.0|778.044|951.617|1015.323|1078.122|948.416|1007.128
827.0|772.366|951.503|1006.519|969.437|949.117|1016.7
822.0|769.63|951.396|990.136|854.092|950.432|1021.62
820.0|770.119|951.305|968.9|747.841|952.016|1021.403
838.0|773.793|951.239|946.446|666.962|953.557|1016.089
859.0|780.29|951.206|926.597|624.661|954.751|1006.224
872.0|788.961|951.214|912.554|627.806|955.494|992.785
895.0|798.936|951.265|906.185|675.042|955.806|977.072
924.0|809.212|951.36|907.624|756.987|955.728|960.565
956.0|818.752|951.491|915.31|858.561|955.377|944.778
994.0|826.591|951.648|926.477|962.75|954.958|931.105
1015.0|831.934|951.813|937.963|1054.64|954.641|920.703
1025.0|834.235|951.968|947.12|1124.442|954.565|914.415
1031.0|833.258|952.097|952.547|1168.597|954.791|912.661
1026.0|829.092|952.186|954.445|1188.789|955.259|915.48
1005.0|822.154|952.226|954.471|1189.438|955.882|922.529
995.0|813.138|952.217|955.149|1174.83|956.47|933.146
980.0|802.951|952.165|959.01|1147.108|956.746|946.411
965.0|792.622|952.08|967.723|1105.954|956.596|961.248
955.0|783.193|951.974|981.478|1050.066|955.838|976.507
944.0|775.62|951.863|998.8|979.695|954.396|991.048
934.0|770.672|951.759|1016.834|899.025|952.348|1003.803
916.0|768.855|951.674|1032.021|817.139|949.847|1013.849
880.0|770.358|951.618|1040.951|746.851|947.161|1020.472
837.0|775.038|951.595|1041.176|701.524|944.575|1023.179
825.0|782.427|951.61|1031.764|690.878|942.389|1021.723
814.0|791.784|951.66|1013.482|717.321|940.847|1016.133
807.0|802.168|951.742|988.601|774.272|940.308|1006.736
805.0|812.533|951.848|960.42|847.335|940.957|994.131
815.0|821.831|951.967|932.641|918.17|942.913|979.168
842.0|829.122|952.087|908.761|969.887|946.105|962.908
882.0|833.667|952.198|891.596|992.207|950.349|946.557
910.0|835.002|952.29|882.982|984.609|955.409|931.38
960.0|832.99|952.355|883.67|956.345|960.869|918.618
1016.0|827.827|952.392|893.357|923.284|966.208|909.361
1053.0|820.032|952.399|910.819|902.621|970.864|904.457
1068.0|810.39|952.381|934.092|907.234|974.353|904.407
1060.0|799.873|952.342|960.677|941.548|976.202|909.275
1060.0|789.542|952.287|987.764|1000.254|976.074|918.683
1051.0|780.443|952.224|1012.478|1070.173|973.739|931.836
1024.0|773.497|952.159|1032.126|1134.519|969.362|947.589
1001.0|769.41|952.098|1044.441|1178.042|963.307|964.556
982.0|768.598|952.049|1047.801|1191.308|956.052|981.201
968.0|771.148|952.019|1041.406|1172.832|948.272|996.016
945.0|776.807|952.013|1025.386|1128.559|940.713|1007.673
929.0|785.007|952.034|1000.862|1069.182|934.166|1015.143
912.0|794.924|952.082|969.924|1006.443|929.245|1017.798
882.0|805.557|952.154|935.544|949.794|926.396|1015.478
844.0|815.833|952.243|901.387|904.508|925.909|1008.499
820.0|824.715|952.34|871.501|871.637|927.791|997.631
811.0|831.304|952.433|849.877|849.507|931.705|984.007
803.0|834.932|952.513|839.88|835.877|937.195|968.986
795.0|835.233|952.574|843.647|829.729|943.687|954.049
820.0|832.171|952.611|861.533|831.956|950.575|940.617
830.0|826.056|952.625|891.783|844.708|957.15|929.898
865.0|817.503|952.618|930.544|869.792|962.96|922.78
888.0|807.374|952.594|972.307|906.892|967.47|919.745
950.0|796.694|952.56|1010.754|952.447|970.475|920.843
997.0|786.542|952.519|1039.875|999.753|971.759|925.714
1017.0|777.943|952.476|1055.13|1040.366|971.439|933.656
1028.0|771.769|952.436|1054.372|1066.361|969.765|943.727
1027.0|768.646|952.402|1038.307|1072.68|967.008|954.856
1028.0|768.891|952.378|1010.355|1058.743|963.443|965.951
