feature,primary_domain,window,cold_ms,cold_allocs,warm_ms,warm_allocs,ok,note
apen,nonlinear,60,0.182774,280744,0.178557,280744,true,
apen,nonlinear,360,2.91527,4402312,2.14845,4402312,true,
apen,nonlinear,1000,18.4651,28876096,21.7129,28872584,true,
ccsi,geometric,60,0.020979,9536,0.004218,1056,true,
ccsi,geometric,360,0.035797,33680,0.004068,1056,true,
ccsi,geometric,1000,0.077335,100512,0.004057,1056,true,
cvi,geometric,60,0.026941,9520,0.004098,1040,true,
cvi,geometric,360,0.038643,33664,0.00525,1040,true,
cvi,geometric,1000,0.086803,100496,0.004438,1040,true,
cvnni,time,60,0.008586,2208,0.004128,1024,true,
cvnni,time,360,0.009507,2208,0.004408,1024,true,
cvnni,time,1000,0.010269,2208,0.007795,1024,true,
cvsd,time,60,0.012364,4704,0.003326,1024,true,
cvsd,time,360,0.013706,9552,0.003096,1024,true,
cvsd,time,1000,0.01583,19792,0.003697,1024,true,
dfa2,nonlinear,60,0.412006,5922480,0.005129,880,true,
dfa2,nonlinear,360,3.49862,39888912,0.003437,880,true,
dfa2,nonlinear,1000,9.42494,112231192,0.003306,880,true,
fuzzyen,nonlinear,60,0.25514,671168,0.254699,671168,true,
fuzzyen,nonlinear,360,8.44149,21508320,8.37231,21508320,true,
fuzzyen,nonlinear,1000,60.3971,162144688,75.9245,162144688,true,
hf,frequency,60,0.025188,8096,0.004519,1248,true,
hf,frequency,360,0.060915,30704,0.00506,1408,true,
hf,frequency,1000,0.135465,79248,0.004308,1808,true,
hf_peak,frequency,60,0.028483,7984,0.01075,1136,true,
hf_peak,frequency,360,0.074149,30544,0.00499,1248,true,
hf_peak,frequency,1000,0.176693,78960,0.00513,1520,true,
hf_percentage,frequency,60,0.030608,10816,0.003036,880,true,
hf_percentage,frequency,360,0.070643,33728,0.003236,880,true,
hf_percentage,frequency,1000,0.129373,82864,0.003086,880,true,
hf_relative,frequency,60,0.028874,10080,0.003537,1024,true,
hf_relative,frequency,360,0.059422,32992,0.003197,1024,true,
hf_relative,frequency,1000,0.151105,82128,0.004448,1024,true,
hurst,nonlinear,60,0.008917,2224,0.008075,2224,true,
hurst,nonlinear,360,0.019817,2224,0.018265,2224,true,
hurst,nonlinear,1000,0.041668,2224,0.044784,2224,true,
lf,frequency,60,0.025307,7856,0.004088,1008,true,
lf,frequency,360,0.060784,30608,0.006803,1312,true,
lf,frequency,1000,0.12719,78912,0.005611,1472,true,
lf_hf_ratio,frequency,60,0.030767,9840,0.00496,1024,true,
lf_hf_ratio,frequency,360,0.062388,32752,0.003747,1024,true,
lf_hf_ratio,frequency,1000,0.138762,81456,0.003326,1024,true,
lf_peak,frequency,60,0.023865,7856,0.003677,1008,true,
lf_peak,frequency,360,0.055404,30480,0.003617,1184,true,
lf_peak,frequency,1000,0.127059,78736,0.003677,1296,true,
lf_percentage,frequency,60,0.029205,10560,0.006162,880,true,
lf_percentage,frequency,360,0.065573,33632,0.003216,880,true,
lf_percentage,frequency,1000,0.147498,82528,0.003447,880,true,
lf_relative,frequency,60,0.028424,9824,0.003777,1008,true,
lf_relative,frequency,360,0.060764,32896,0.003316,1024,true,
lf_relative,frequency,1000,0.128362,81792,0.003777,1024,true,
max,time,60,0.003496,736,0.003386,736,true,
max,time,360,0.003587,736,0.003497,736,true,
max,time,1000,0.004689,736,0.004839,736,true,
max_hr,time,60,0.00541,1504,0.004388,912,true,
max_hr,time,360,0.006602,1504,0.003416,912,true,
max_hr,time,1000,0.006583,1504,0.003106,912,true,
mean,time,60,0.003046,736,0.002895,736,true,
mean,time,360,0.002846,736,0.003116,736,true,
mean,time,1000,0.004248,736,0.002966,736,true,
mean_hr,time,60,0.005169,1504,0.002925,912,true,
mean_hr,time,360,0.005159,1504,0.003256,912,true,
mean_hr,time,1000,0.005089,1504,0.003005,912,true,
median,time,60,0.004178,1888,0.003586,1888,true,
median,time,360,0.006092,6640,0.005861,6640,true,
median,time,1000,0.012894,11576,0.011932,11576,true,
median_hr,time,60,0.006302,2656,0.004338,912,true,
median_hr,time,360,0.008987,7408,0.003857,912,true,
median_hr,time,1000,0.012664,12344,0.003487,912,true,
min,time,60,0.003546,736,0.003166,736,true,
min,time,360,0.003427,736,0.003406,736,true,
min,time,1000,0.004168,736,0.004268,736,true,
min_hr,time,60,0.005491,1504,0.003256,912,true,
min_hr,time,360,0.006812,1504,0.003186,912,true,
min_hr,time,1000,0.006643,1504,0.003136,912,true,
mse,nonlinear,60,0.389213,474904,0.325703,474904,true,
mse,nonlinear,360,3.67711,12022264,3.65157,12022264,true,
mse,nonlinear,1000,32.643,87531048,32.9291,87530760,true,
perm_en,nonlinear,60,0.033302,52384,0.030036,52384,true,
perm_en,nonlinear,360,0.111771,238456,0.103995,238456,true,
perm_en,nonlinear,1000,0.254269,635336,0.262875,635336,true,
pnn20,time,60,0.006462,1984,0.004188,880,true,
pnn20,time,360,0.006903,4408,0.003937,880,true,
pnn20,time,1000,0.006983,9560,0.003977,912,true,
pnn50,time,60,0.008416,1984,0.003557,880,true,
pnn50,time,360,0.006412,4408,0.003827,880,true,
pnn50,time,1000,0.007434,9544,0.003807,896,true,
rRR,time,60,0.004929,4880,0.005129,4880,true,
rRR,time,360,0.009818,21848,0.009888,21848,true,
rRR,time,1000,0.014317,51904,0.014197,51904,true,
range,time,60,0.008055,2208,0.004278,1024,true,
range,time,360,0.01068,2208,0.003687,1024,true,
range,time,1000,0.010409,2208,0.003266,1024,true,
range_hr,time,60,0.00512,1696,0.00546,1696,true,
range_hr,time,360,0.006452,4072,0.007544,4072,true,
range_hr,time,1000,0.008907,9192,0.008526,9192,true,
renyi0,nonlinear,60,0.00528,1488,0.003857,896,true,
renyi0,nonlinear,360,0.006041,1488,0.003276,896,true,
renyi0,nonlinear,1000,0.006823,1488,0.003787,896,true,
renyi1,nonlinear,60,0.005671,1488,0.003156,896,true,
renyi1,nonlinear,360,0.008286,1488,0.003186,896,true,
renyi1,nonlinear,1000,0.011452,1488,0.003356,896,true,
renyi2,nonlinear,60,0.005681,1488,0.003557,896,true,
renyi2,nonlinear,360,0.007665,1488,0.003336,896,true,
renyi2,nonlinear,1000,0.009337,1488,0.003546,896,true,
rmssd,time,60,0.009678,3504,0.014077,1824,true,
rmssd,time,360,0.011662,8352,0.006532,4248,true,
rmssd,time,1000,0.011993,18656,0.007134,9400,true,
sampen,nonlinear,60,0.114025,313712,0.141517,313712,true,
sampen,nonlinear,360,2.09088,8595424,2.11564,8595424,true,
sampen,nonlinear,1000,17.554,63402048,14.5732,63402048,true,
sd1,geometric,60,0.012273,6672,0.007434,2096,true,
sd1,geometric,360,0.025488,25968,0.0054,6944,true,
sd1,geometric,1000,0.056727,82560,0.009798,17184,true,
sd1_sd2_area,geometric,60,0.027402,9504,0.004358,1024,true,
sd1_sd2_area,geometric,360,0.032111,33648,0.003296,1024,true,
sd1_sd2_area,geometric,1000,0.065854,100480,0.004127,1024,true,
sd2,geometric,60,0.014157,6672,0.004378,2096,true,
sd2,geometric,360,0.02656,25968,0.005871,6944,true,
sd2,geometric,1000,0.063109,82560,0.006202,17184,true,
sd2_sd1,geometric,60,0.018545,9504,0.003858,1024,true,
sd2_sd1,geometric,360,0.035777,33648,0.007064,1024,true,
sd2_sd1,geometric,1000,0.074019,100480,0.003817,1024,true,
sdann,time,60,0.004839,3344,0.004759,3344,true,
sdann,time,360,0.006152,12992,0.006232,12992,true,
sdann,time,1000,0.011602,34624,0.011381,34624,true,
sdnn,time,60,0.003386,736,0.002845,736,true,
sdnn,time,360,0.002885,736,0.002765,736,true,
sdnn,time,1000,0.002916,736,0.003747,736,true,
sdsd,time,60,0.008436,3232,0.004399,1536,true,
sdsd,time,360,0.009077,8080,0.0055,3960,true,
sdsd,time,1000,0.010299,18320,0.004809,9080,true,
shan_en,nonlinear,60,0.009047,5872,0.004709,3392,true,
shan_en,nonlinear,360,0.01083,6064,0.004218,3584,true,
shan_en,nonlinear,1000,0.014768,6144,0.004909,3664,true,
spec_en,nonlinear,60,0.046338,18464,0.048992,18464,true,
spec_en,nonlinear,360,0.163488,90968,0.153399,90968,true,
spec_en,nonlinear,1000,0.18568,244568,0.185799,244568,true,
std_hr,time,60,0.0051,1504,0.002945,912,true,
std_hr,time,360,0.0053,1504,0.003035,912,true,
std_hr,time,1000,0.007114,1504,0.002986,912,true,
svd_en,nonlinear,60,0.006382,6208,0.007193,6208,true,
svd_en,nonlinear,360,0.012864,20640,0.012794,20640,true,
svd_en,nonlinear,1000,0.019386,51376,0.019627,51376,true,
tinn,geometric,60,57.7151,51858560,53.6839,51856080,true,
tinn,geometric,360,56.3004,53820416,55.2789,53817936,true,
tinn,geometric,1000,55.4738,53344544,55.7411,53342064,true,
tp,frequency,60,0.021791,8096,0.006241,1248,true,
tp,frequency,360,0.054753,30848,0.004428,1552,true,
tp,frequency,1000,0.126839,79584,0.004589,2144,true,
triangular_index,geometric,60,0.008346,4080,0.003267,1024,true,
triangular_index,geometric,360,0.010881,4080,0.003256,1024,true,
triangular_index,geometric,1000,0.016071,4128,0.005992,1040,true,
ulf,frequency,60,0.057449,24752,0.057017,16000,true,
ulf,frequency,360,0.103094,49784,0.029997,16208,true,
ulf,frequency,1000,0.234442,103128,0.041799,16272,true,
vlf,frequency,60,0.021431,7856,0.003566,1008,true,
vlf,frequency,360,0.053741,30512,0.003827,1216,true,
vlf,frequency,1000,0.125987,78720,0.004548,1280,true,
